Aircraft Type IATA,Series/Sub-Type,Deck ID,Hold ID,Hold Sub Code,Compartment ID,Bay ID,ULD ID / Config,Max Weight,Centroid,FWD,AFT,Index per wt unit,Fore-Aft Dimension (in)
359,900,LOWER,FWD,FLF,1,11L,AKE,1587,14.026,13.259,14.793,-0.004476,
359,900,LOWER,FWD,FLF,1,11L,PKC,1587,14.026,13.259,14.793,-0.004476,
359,900,LOWER,FWD,FLF,1,11R,AKE,1587,14.026,13.259,14.793,-0.004476,
359,900,LOWER,FWD,FLF,1,11R,PKC,1587,14.026,13.259,14.793,-0.004476,
359,900,LOWER,FWD,FLF,1,11,PLA,3174,14.026,13.259,14.793,-0.004476,
359,900,LOWER,FWD,FLF,1,11P,PAG,4626,14.377,13.259,15.494,-0.004406,
359,900,LOWER,FWD,FLF,1,11P,PMC,5102,14.479,13.259,15.698,-0.004385,
359,900,LOWER,FWD,FLF,1,"12L,12R",AKE,1587,15.609,14.842,16.376,-0.004159,
359,900,LOWER,FWD,FLF,1,12L,PKC,1587,15.609,14.842,16.376,-0.004159,
359,900,LOWER,FWD,FLF,1,12R,AKE,1587,15.609,14.842,16.376,-0.004159,
359,900,LOWER,FWD,FLF,1,12R,PKC,1587,15.609,14.842,16.376,-0.004159,
359,900,LOWER,FWD,FLF,1,12,PLA,3174,15.609,14.842,16.376,-0.004159,
359,900,LOWER,FWD,FLF,1,12P,PAG,4626,16.841,15.723,17.958,-0.003913,
359,900,LOWER,FWD,FLF,1,13L,AKE,1587,16.49,15.723,17.257,-0.003983,
359,900,LOWER,FWD,FLF,1,13L,PKC,1587,16.49,15.723,17.257,-0.003983,
359,900,LOWER,FWD,FLF,1,13R,AKE,1587,16.49,15.723,17.257,-0.003983,
359,900,LOWER,FWD,FLF,1,13R,PKC,1587,16.49,15.723,17.257,-0.003983,
359,900,LOWER,FWD,FLF,1,13,PLA,3174,16.49,15.723,17.257,-0.003983,
359,900,LOWER,FWD,FLF,1,13P,PAG,4626,18.401,17.283,19.518,-0.003601,
359,900,LOWER,FWD,FLF,1,13P,PMC,5102,18.299,17.079,19.518,-0.003621,
359,900,LOWER,FWD,FLF,1,14L,AKE,1587,17.191,16.424,17.958,-0.003843,
359,900,LOWER,FWD,FLF,1,14L,PKC,1587,17.191,16.424,17.958,-0.003843,
359,900,LOWER,FWD,FLF,1,14R,AKE,1587,17.191,16.424,17.958,-0.003843,
359,900,LOWER,FWD,FLF,1,14R,PKC,1587,17.191,16.424,17.958,-0.003843,
359,900,LOWER,FWD,FLF,1,14,PLA,3174,17.191,16.424,17.958,-0.003843,
359,900,LOWER,FWD,FLF,1,15L,AKE,1587,18.751,17.984,19.518,-0.003531,
359,900,LOWER,FWD,FLF,1,15L,PKC,1587,18.751,17.984,19.518,-0.003531,
359,900,LOWER,FWD,FLF,1,15R,AKE,1587,18.751,17.984,19.518,-0.003531,
359,900,LOWER,FWD,FLF,1,15R,PKC,1587,18.751,17.984,19.518,-0.003531,
359,900,LOWER,FWD,FLF,1,15,PLA,3174,18.751,17.984,19.518,-0.003531,
359,900,LOWER,FWD,FLA,2,21L,AKE,1587,20.513,19.746,21.28,-0.003178,
359,900,LOWER,FWD,FLA,2,21L,PKC,1587,20.513,19.746,21.28,-0.003178,
359,900,LOWER,FWD,FLA,2,21R,AKE,1587,20.513,19.746,21.28,-0.003178,
359,900,LOWER,FWD,FLA,2,21R,PKC,1587,20.513,19.746,21.28,-0.003178,
359,900,LOWER,FWD,FLA,2,21,PLA,3174,20.513,19.746,21.28,-0.003178,
359,900,LOWER,FWD,FLA,2,21P,PAG,4626,20.864,19.746,21.982,-0.003108,
359,900,LOWER,FWD,FLA,2,21P,PMC,5102,20.763,19.543,21.982,-0.003129,
359,900,LOWER,FWD,FLA,2,22L,AKE,1587,22.096,21.329,22.863,-0.002862,
359,900,LOWER,FWD,FLA,2,22L,PKC,1587,22.096,21.329,22.863,-0.002862,
359,900,LOWER,FWD,FLA,2,22R,AKE,1587,22.096,21.329,22.863,-0.002862,
359,900,LOWER,FWD,FLA,2,22R,PKC,1587,22.096,21.329,22.863,-0.002862,
359,900,LOWER,FWD,FLA,2,22,PLA,3174,22.096,21.329,22.863,-0.002862,
359,900,LOWER,FWD,FLA,2,22P,PAG,4626,23.328,22.21,24.445,-0.002616,
359,900,LOWER,FWD,FLA,2,22P,PMC,5102,23.226,22.007,24.445,-0.002636,
359,900,LOWER,FWD,FLA,2,23L,AKE,1587,23.678,22.911,24.445,-0.002545,
359,900,LOWER,FWD,FLA,2,23L,PKC,1587,23.678,22.911,24.445,-0.002545,
359,900,LOWER,FWD,FLA,2,23R,AKE,1587,23.678,22.911,24.445,-0.002545,
359,900,LOWER,FWD,FLA,2,23R,PKC,1587,23.678,22.911,24.445,-0.002545,
359,900,LOWER,FWD,FLA,2,23,PLA,3174,23.678,22.911,24.445,-0.002545,
359,900,LOWER,FWD,FLA,2,23P,PAG,5102,25.792,24.674,26.909,-0.002123,
359,900,LOWER,FWD,FLA,2,23P,PMC,5669,25.69,24.471,26.909,-0.002143,
359,900,LOWER,FWD,FLA,2,24L,AKE,1587,25.441,24.674,26.208,-0.002193,
359,900,LOWER,FWD,FLA,2,24L,PKC,1587,25.441,24.674,26.208,-0.002193,
359,900,LOWER,FWD,FLA,2,24R,AKE,1587,25.441,24.674,26.208,-0.002193,
359,900,LOWER,FWD,FLA,2,24R,PKC,1587,25.441,24.674,26.208,-0.002193,
359,900,LOWER,FWD,FLA,2,24,PLA,3174,25.441,24.674,26.208,-0.002193,
359,900,LOWER,FWD,FLA,2,24P,PAG,5102,28.256,27.138,29.373,-0.00163,
359,900,LOWER,FWD,FLA,2,24P,PMC,5102,28.154,26.935,29.373,-0.00165,
359,900,LOWER,FWD,FLA,2,25L,AKE,1587,27.024,26.256,27.791,-0.001876,
359,900,LOWER,FWD,FLA,2,25L,PKC,1587,27.024,26.256,27.791,-0.001876,
359,900,LOWER,FWD,FLA,2,25R,AKE,1587,27.024,26.256,27.791,-0.001876,
359,900,LOWER,FWD,FLA,2,25R,PKC,1587,27.024,26.256,27.791,-0.001876,
359,900,LOWER,FWD,FLA,2,25,PLA,3174,27.024,26.256,27.791,-0.001876,
359,900,LOWER,FWD,FLA,2,26L,AKE,1587,28.606,27.839,29.373,-0.00156,
359,900,LOWER,FWD,FLA,2,26L,PKC,1587,28.606,27.839,29.373,-0.00156,
359,900,LOWER,FWD,FLA,2,26R,AKE,1587,28.606,27.839,29.373,-0.00156,
359,900,LOWER,FWD,FLA,2,26R,PKC,1587,28.606,27.839,29.373,-0.00156,
359,900,LOWER,FWD,FLA,2,26,PLA,3174,28.606,27.839,29.373,-0.00156,
359,900,LOWER,AFT,ALF,3,31L,AKE,1587,41.253,40.486,42.02,0.00097,
359,900,LOWER,AFT,ALF,3,31L,PKC,1587,41.253,40.486,42.02,0.00097,
359,900,LOWER,AFT,ALF,3,31R,AKE,1587,41.253,40.486,42.02,0.00097,
359,900,LOWER,AFT,ALF,3,31R,PKC,1587,41.253,40.486,42.02,0.00097,
359,900,LOWER,AFT,ALF,3,31,PLA,3174,41.253,40.486,42.02,0.00097,
359,900,LOWER,AFT,ALF,3,31P,PAG,5102,41.604,40.486,42.722,0.00104,
359,900,LOWER,AFT,ALF,3,31P,PMC,5669,41.705,40.486,42.924,0.00106,
359,900,LOWER,AFT,ALF,3,32L,AKE,1587,42.836,42.069,43.603,0.001286,
359,900,LOWER,AFT,ALF,3,32L,PKC,1587,42.836,42.069,43.603,0.001286,
359,900,LOWER,AFT,ALF,3,32R,AKE,1587,42.836,42.069,43.603,0.001286,
359,900,LOWER,AFT,ALF,3,32R,PKC,1587,42.836,42.069,43.603,0.001286,
359,900,LOWER,AFT,ALF,3,32,PLA,3174,42.836,42.069,43.603,0.001286,
359,900,LOWER,AFT,ALF,3,32P,PAG,4626,44.068,42.95,45.186,0.001533,
359,900,LOWER,AFT,ALF,3,32P,PMC,5102,44.169,42.95,45.388,0.001553,
359,900,LOWER,AFT,ALF,3,33L,AKE,1587,44.418,43.651,45.185,0.001603,
359,900,LOWER,AFT,ALF,3,33L,PKC,1587,44.418,43.651,45.185,0.001603,
359,900,LOWER,AFT,ALF,3,33R,AKE,1587,44.418,43.651,45.185,0.001603,
359,900,LOWER,AFT,ALF,3,33R,PKC,1587,44.418,43.651,45.185,0.001603,
359,900,LOWER,AFT,ALF,3,33,PLA,3174,44.418,43.651,45.185,0.001603,
359,900,LOWER,AFT,ALA,4,41L,AKE,1587,46.181,45.414,46.948,0.001955,
359,900,LOWER,AFT,ALA,4,41L,PKC,1587,46.181,45.414,46.948,0.001955,
359,900,LOWER,AFT,ALA,4,41R,AKE,1587,46.181,45.414,46.948,0.001955,
359,900,LOWER,AFT,ALA,4,41R,PKC,1587,46.181,45.414,46.948,0.001955,
359,900,LOWER,AFT,ALA,4,41,PLA,3174,46.181,45.414,46.948,0.001955,
359,900,LOWER,AFT,ALA,4,41P,PAG,4626,46.532,45.414,47.65,0.002025,
359,900,LOWER,AFT,ALA,4,41P,PMC,5103,46.498,45.414,47.582,0.002019,
359,900,LOWER,AFT,ALA,4,42L,AKE,1587,47.763,46.996,48.53,0.002272,
359,900,LOWER,AFT,ALA,4,42L,PKC,1587,47.763,46.996,48.53,0.002272,
359,900,LOWER,AFT,ALA,4,42R,AKE,1587,47.763,46.996,48.53,0.002272,
359,900,LOWER,AFT,ALA,4,42R,PKC,1587,47.763,46.996,48.53,0.002272,
359,900,LOWER,AFT,ALA,4,42,PLA,3174,47.763,46.996,48.53,0.002272,
359,900,LOWER,AFT,ALA,4,42P,PAG,4626,48.995,47.877,50.113,0.002518,
359,900,LOWER,AFT,ALA,4,42P,PMC,5103,49.097,47.878,50.316,0.002538,
359,900,LOWER,AFT,ALA,4,43L,AKE,1587,49.346,48.579,50.113,0.002588,
359,900,LOWER,AFT,ALA,4,43L,PKC,1587,49.346,48.579,50.113,0.002588,
359,900,LOWER,AFT,ALA,4,43R,AKE,1587,49.346,48.579,50.113,0.002588,
359,900,LOWER,AFT,ALA,4,43R,PKC,1587,49.346,48.579,50.113,0.002588,
359,900,LOWER,AFT,ALA,4,43,PLA,3174,49.346,48.579,50.113,0.002588,
359,900,LOWER,AFT,ALA,4,43P,PAG,4626,51.459,50.341,52.577,0.003011,
359,900,LOWER,AFT,ALA,4,43P,PMC,5102,51.561,50.342,52.78,0.003031,
359,900,LOWER,AFT,ALA,4,44L,AKE,1587,51.109,50.342,51.876,0.002941,
359,900,LOWER,AFT,ALA,4,44L,PKC,1587,51.109,50.342,51.876,0.002941,
359,900,LOWER,AFT,ALA,4,44R,AKE,1587,51.109,50.342,51.876,0.002941,
359,900,LOWER,AFT,ALA,4,44R,PKC,1587,51.109,50.342,51.876,0.002941,
359,900,LOWER,AFT,ALA,4,44,PLA,3174,51.109,50.342,51.876,0.002941,
359,900,LOWER,AFT,ALA,4,45L,AKE,1587,52.691,51.924,53.458,0.003257,
359,900,LOWER,AFT,ALA,4,45L,PKC,1587,52.691,51.924,53.458,0.003257,
359,900,LOWER,AFT,ALA,4,45R,AKE,1587,52.691,51.924,53.458,0.003257,
359,900,LOWER,AFT,ALA,4,45R,PKC,1587,52.691,51.924,53.458,0.003257,
359,900,LOWER,AFT,ALA,4,45,PLA,3174,52.691,51.924,53.458,0.003257,
